City_ID,City,Lat,Lng,Max Temp,Humidity,Cloudiness,Wind Speed,Country,Date
0,puerto natales,-51.7236,-72.4875,-1.84,93,100,1.12,CL,1690430265
1,isafjordur,66.0755,-23.124,6.76,88,97,5.32,IS,1690430265
2,iqaluit,63.7506,-68.5145,6.85,87,75,3.09,CA,1690430266
3,port-aux-francais,-49.35,70.2167,4.72,79,95,15.39,TF,1690430138
4,georgetown,5.4112,100.3354,31.96,82,20,2.57,MY,1690430048
5,ancud,-41.8697,-73.8203,8.03,93,100,2.81,CL,1690430266
6,ust-nera,64.5667,143.2,15.07,52,94,2.94,RU,1690430266
7,thompson,55.7435,-97.8558,13.09,88,100,1.54,CA,1690430266
8,suoyarvi,62.0833,32.35,15.41,80,100,0.84,RU,1690430266
9,waitangi,-43.9535,-176.5597,6.57,89,91,0.45,NZ,1690430267
10,road town,18.4167,-64.6167,28.05,77,100,7.92,VG,1690430213
11,itacare,-14.2775,-38.9967,21.05,85,54,3.54,BR,1690430267
12,pyu,18.4833,96.4333,28.98,80,64,1.89,MM,1690430267
13,tura,25.5198,90.2201,27.46,83,99,2.96,IN,1690430267
14,quixeramobim,-5.1992,-39.2928,20.64,86,2,1.14,BR,1690430267
15,la passe,45.5549,-0.8967,18.88,94,20,2.95,FR,1690430267
16,arraial do cabo,-22.9661,-42.0278,21.14,89,60,9.67,BR,1690430201
17,antsiranana,-12.2787,49.2917,21.42,73,20,6.17,MG,1690430268
18,iskateley,67.6803,53.1512,19.99,60,88,2.02,RU,1690430139
19,haradok,55.4624,29.9816,14.73,78,100,1.55,BY,1690430268
20,praia da vitoria,38.7333,-27.0667,22.64,88,20,3.12,PT,1690430268
21,san rafael abajo,9.831,-84.2901,23.88,91,100,1.31,CR,1690430268
22,cabo san lucas,22.8909,-109.9124,30.9,77,43,2.24,MX,1690430220
23,shimoda,34.6667,138.95,33.39,69,32,3.64,JP,1690430269
24,petropavlovsk-kamchatsky,53.0452,158.6483,20.33,68,40,7.0,RU,1690430269
25,fisterra,42.9049,-9.2629,17.88,83,55,3.3,ES,1690430269
26,grytviken,-54.2811,-36.5092,0.93,99,100,5.41,GS,1690430269
27,necochea,-38.5473,-58.7368,8.37,78,99,5.77,AR,1690430269
28,edinburgh of the seven seas,-37.0676,-12.3116,10.84,50,64,9.61,SH,1690430269
29,san miguel panixtlahuaca,16.2484,-97.3843,19.2,96,100,1.34,MX,1690430269
30,adamstown,-25.066,-130.1015,19.66,61,29,5.37,PN,1690430270
31,port mathurin,-19.6833,63.4167,23.76,79,31,8.03,MU,1690430151
32,bilibino,68.0546,166.4372,11.6,68,99,1.5,RU,1690430270
33,san antonio de pale,-1.4014,5.6325,22.86,90,100,5.09,GQ,1690430190
34,fredericksburg,38.3032,-77.4605,26.62,89,0,3.09,US,1690430096
35,klyuchi,52.2667,79.1667,23.44,40,100,4.75,RU,1690430270
36,olonkinbyen,70.9221,-8.7187,4.71,89,100,4.57,SJ,1690430270
37,guerrero negro,27.9769,-114.0611,21.03,81,2,4.84,MX,1690430821
38,vernon,50.2581,-119.2691,23.2,35,2,1.03,CA,1690430271
39,khandud,36.9513,72.318,19.25,28,3,2.36,AF,1690430271
40,weihai,37.5017,122.1136,29.11,67,99,6.0,CN,1690430271
41,hermanus,-34.4187,19.2345,11.64,84,0,3.18,ZA,1690430233
42,chonchi,-42.6128,-73.8092,7.84,99,100,1.49,CL,1690430271
43,ushuaia,-54.8,-68.3,0.81,60,75,2.06,AR,1690430140
44,murehwa,-17.6432,31.784,8.06,94,1,1.1,ZW,1690430271
45,afaahiti,-17.75,-149.2833,23.93,83,59,2.67,PF,1690430271
46,richards bay,-28.783,32.0377,16.47,70,0,6.0,ZA,1690430272
47,vorgashor,67.5833,63.95,14.9,84,99,1.76,RU,1690430272
48,punta arenas,-53.15,-70.9167,-0.92,80,23,3.64,CL,1690430165
49,west island,-12.1568,96.8225,24.99,78,75,10.8,CC,1690430272
50,fale old settlement,-9.3852,-171.2468,28.6,73,50,7.45,TK,1690430272
51,aquiraz,-3.9014,-38.3911,27.05,85,7,5.53,BR,1690430272
52,usinsk,65.9939,57.5281,18.47,76,49,1.71,RU,1690430272
53,margaret river,-33.95,115.0667,13.46,68,98,6.25,AU,1690430273
54,bethel,41.3712,-73.414,24.72,78,0,4.12,US,1690430032
55,gizo,-8.103,156.8419,26.91,87,100,7.88,SB,1690430273
56,aykhal,66.0,111.5,16.79,57,100,2.83,RU,1690430165
57,khandyga,62.6667,135.6,23.22,27,0,4.97,RU,1690430273
58,hawaiian paradise park,19.5933,-154.9731,27.73,92,40,4.12,US,1690430273
59,manadhoo,5.7667,73.3833,27.91,73,100,1.11,MV,1690430274
60,papao,-17.75,-149.55,24.82,79,36,1.66,PF,1690430274
61,malvan,16.0667,73.4667,25.17,92,100,8.16,IN,1690430274
62,invercargill,-46.4,168.35,7.25,78,100,6.63,NZ,1690429980
63,villa mercedes,-33.6757,-65.4578,8.61,46,93,3.77,AR,1690430128
64,piti village,13.4626,144.6933,28.49,83,20,5.66,GU,1690430274
65,mahdia,35.5047,11.0622,25.97,64,0,6.67,TN,1690430274
66,sao raimundo das mangabeiras,-7.0219,-45.4811,22.14,48,9,0.56,BR,1690430274
67,acajutla,13.5928,-89.8275,27.63,75,15,1.4,SV,1690430142
68,albany,42.6001,-73.9662,23.53,83,100,2.36,US,1690430648
69,asekeyevo,53.5742,52.7972,24.44,53,24,4.54,RU,1690430275
70,vila franca do campo,37.7167,-25.4333,21.23,86,3,2.26,PT,1690430275
71,constantia,44.1833,28.65,20.39,87,99,6.35,RO,1690430150
72,prince rupert,54.3161,-130.3201,16.83,85,0,4.12,CA,1690430275
73,udachny,66.4167,112.4,21.92,40,100,3.67,RU,1690430275
74,longyearbyen,78.2186,15.6401,10.91,76,40,1.54,SJ,1690430276
75,suva,-18.1416,178.4415,19.71,94,100,4.12,FJ,1690429978
76,gadzhiyevo,69.2551,33.3362,10.63,93,100,0.37,RU,1690430276
77,island harbour,50.724,-1.2758,17.74,96,100,3.13,GB,1690430276
78,nicoya,10.1483,-85.452,24.28,90,97,0.93,CR,1690430276
79,port elizabeth,-33.918,25.5701,14.16,82,0,6.69,ZA,1690430145
80,bredasdorp,-34.5322,20.0403,8.66,90,0,2.07,ZA,1690430276
81,palikir - national government center,6.9248,158.1611,31.41,66,75,2.06,FM,1690430276
82,nar'yan-mar,67.6713,53.087,20.08,60,87,2.04,RU,1690430277
83,yankton,42.8711,-97.3973,28.14,74,0,2.06,US,1690430277
84,tucurui,-3.7661,-49.6725,24.13,62,14,1.2,BR,1690430277
85,ndioum,16.5129,-14.6471,25.94,61,14,5.33,SN,1690430277
86,yellowknife,62.456,-114.3525,23.29,35,20,5.66,CA,1690430277
87,whangarei,-35.7317,174.3239,12.07,90,51,5.54,NZ,1690430277
88,itupiranga,-5.1347,-49.3267,22.18,59,0,0.74,BR,1690430277
89,kuanda,56.3161,116.0806,28.08,46,69,0.37,RU,1690430278
90,tazovsky,67.4667,78.7,19.58,68,10,0.91,RU,1690430193
91,mandalgovi,45.7625,106.2708,24.49,31,4,2.01,MN,1690430278
92,gokceada,40.2011,25.909,24.5,72,61,10.57,TR,1690430278
93,ulanhot,46.0833,122.0833,28.83,58,75,3.0,CN,1690430224
94,fort bragg,35.139,-79.006,28.32,80,0,3.6,US,1690430278
95,toliara,-23.35,43.6667,16.7,57,0,6.44,MG,1690430278
96,tolanaro,-25.0319,46.9987,17.04,82,75,2.06,MG,1690430279
97,acarau,-2.8856,-40.12,25.2,87,10,6.82,BR,1690430279
98,hilo,19.7297,-155.09,29.04,83,40,4.12,US,1690430213
99,mutuali,-14.8706,37.0044,12.79,93,0,0.95,MZ,1690430279
100,blackmans bay,-43.0167,147.3167,12.63,71,100,2.43,AU,1690430140
101,college,64.8569,-147.8028,29.77,51,75,0.45,US,1690430279
102,kapuskasing,49.4169,-82.4331,17.05,94,75,1.03,CA,1690430279
103,puerto aysen,-45.4,-72.7,3.35,99,100,0.46,CL,1690430280
104,padang,-0.9492,100.3543,30.03,64,73,1.87,ID,1690430280
105,lubao,14.9167,120.55,26.84,88,100,8.05,PH,1690430280
106,margate,51.3813,1.3862,16.61,94,100,4.02,GB,1690430832
107,amahai,-3.3333,128.9167,28.33,78,46,4.79,ID,1690430280
108,san patricio,28.017,-97.5169,29.36,75,53,5.5,US,1690430280
109,muli,2.9167,73.5667,28.63,76,48,4.39,MV,1690430280
110,sao tome,0.3365,6.7273,24.0,87,92,4.05,ST,1690430280
111,turpan,42.9333,89.1667,43.12,7,0,3.22,CN,1690430281
112,kavieng,-2.5744,150.7967,29.17,74,65,5.21,PG,1690430281
113,ribeira grande,38.5167,-28.7,22.65,96,56,1.79,PT,1690430281
114,sinsang-ni,39.6503,127.4058,32.97,55,74,4.85,KP,1690430281
115,keflavik,64.0049,-22.5624,9.24,87,0,3.6,IS,1690430281
116,anadyr,64.75,177.4833,12.28,87,100,6.0,RU,1690430281
117,rizhao,35.4275,119.4553,28.91,78,75,4.8,CN,1690430282
118,recreo,-29.2818,-65.061,11.54,51,8,4.91,AR,1690430282
119,puerto ayora,-0.7393,-90.3518,24.75,92,82,1.34,EC,1690430282
120,diego de almagro,-26.3667,-70.05,11.67,73,76,0.55,CL,1690430282
121,al bawiti,28.3492,28.8659,27.08,36,21,2.12,EG,1690430282
122,anzio,41.4853,12.6179,22.39,63,1,1.69,IT,1690430282
123,coahuayana de hidalgo,18.7,-103.6583,27.14,84,87,0.63,MX,1690430283
124,natal,-5.795,-35.2094,24.12,94,40,4.12,BR,1690430282
125,qaqortoq,60.7167,-46.0333,6.83,81,94,3.65,GL,1690430283
126,oyama,36.3,139.8,36.44,30,3,2.54,JP,1690430283
127,namibe,-15.1961,12.1522,14.9,91,69,2.87,AO,1690430283
128,kone,-21.0595,164.8658,23.66,44,1,4.7,NC,1690430283
129,taunsa,30.7048,70.6505,32.59,56,98,0.31,PK,1690430284
130,sinan,34.8262,126.1086,31.06,83,15,4.9,KR,1690430284
131,lebu,-37.6167,-73.65,8.64,86,93,0.65,CL,1690430284
132,jamestown,42.097,-79.2353,21.77,96,100,4.12,US,1690430221
133,rongelap,11.1635,166.8941,28.51,76,100,7.93,MH,1690430284
134,koya,34.2129,135.6224,31.55,48,82,2.18,JP,1690430285
135,mocimboa,-11.3167,40.35,20.31,80,97,4.56,MZ,1690430285
136,dawei,14.0833,98.2,28.94,78,50,2.99,MM,1690430285
137,klaksvik,62.2266,-6.589,8.51,88,77,3.53,FO,1690430285
138,minas de marcona,-15.2119,-75.1103,12.15,87,46,4.92,PE,1690430202
139,gotsucho,35.0,132.2167,30.01,67,2,3.58,JP,1690430286
140,kristinestad,62.2743,21.376,12.83,82,79,2.43,FI,1690430286
141,istgah-e rah ahan-e garmsar,35.2346,52.3094,32.39,25,93,0.93,IR,1690430286
142,uturoa,-16.7333,-151.4333,25.8,83,48,3.57,PF,1690430286
143,alice springs,-23.7,133.8833,23.75,46,100,8.23,AU,1690430144
144,tangalle,6.024,80.7911,30.09,67,100,5.02,LK,1690430286
145,christchurch,-43.5333,172.6333,11.11,51,20,9.77,NZ,1690430680
146,carnarvon,-24.8667,113.6333,18.25,48,15,7.5,AU,1690430179
147,lihue,21.9789,-159.3672,28.77,71,40,7.2,US,1690430161
148,utrik,11.2278,169.8474,27.72,82,100,7.76,MH,1690430177
149,touros,-5.1989,-35.4608,23.65,90,40,4.72,BR,1690430103
150,la'ie,21.6477,-157.9253,30.98,74,14,2.68,US,1690430287
151,obo,5.3998,26.4869,19.74,98,100,1.92,CF,1690430287
152,kolonia,50.9333,6.95,16.03,82,20,3.09,DE,1690430145
153,menongue,-14.6585,17.691,11.27,53,1,2.54,AO,1690430288
154,sitka,57.0531,-135.33,15.94,82,100,0.0,US,1690430288
155,kyzyl-mazhalyk,51.1333,90.6,19.91,53,100,1.13,RU,1690430288
156,siocon,7.7061,122.1353,28.08,81,93,4.84,PH,1690430288
157,codajas,-3.8367,-62.0569,24.48,57,4,1.41,BR,1690430288
158,tiksi,71.6872,128.8694,7.56,73,48,2.91,RU,1690430289
159,illizi,26.4833,8.4667,29.89,10,0,3.34,DZ,1690430289
160,novobelokatay,55.7062,58.9549,19.79,80,49,2.69,RU,1690430289
161,atafu village,-8.5421,-172.5159,28.58,75,99,8.13,TK,1690430289
162,hamilton,39.1834,-84.5333,28.43,74,75,6.17,US,1690430690
163,suifenhe,44.4,131.1667,30.68,44,76,1.78,CN,1690430289
164,sofiyivka,48.0493,33.8746,22.1,71,3,3.45,UA,1690430290
165,bari,41.1177,16.8512,22.88,77,20,4.12,IT,1690430589
166,hadibu,12.65,54.0333,25.43,76,77,13.67,YE,1690430290
167,amga,60.8953,131.9608,24.49,41,100,2.51,RU,1690430290
168,kodiak,57.79,-152.4072,13.73,82,75,4.63,US,1690430290
169,jian'ou,27.0469,118.3253,29.5,68,94,4.13,CN,1690430290
170,sao joao da barra,-21.6403,-41.0511,21.65,86,99,6.19,BR,1690430291
171,egilsstadir,65.2653,-14.3948,5.95,93,100,5.66,IS,1690430291
172,cottage grove,44.8277,-92.9438,28.13,83,0,0.45,US,1690430291
173,jamiltepec,16.2833,-97.8167,22.0,93,99,1.54,MX,1690430291
174,la foa,-21.7108,165.8276,22.15,52,16,7.61,NC,1690430291
175,zheleznogorsk-ilimskiy,56.5768,104.1217,23.5,55,98,1.81,RU,1690430292
176,fortuna,40.5982,-124.1573,16.19,89,0,4.63,US,1690430292
177,wau,7.7029,27.9953,21.46,97,100,1.91,SS,1690430292
178,mangrol,21.1167,70.1167,28.06,82,99,8.02,IN,1690430292
179,gevas,38.2968,43.1083,22.99,39,2,0.65,TR,1690430292
180,zhosaly,45.4878,64.0781,30.74,34,99,5.8,KZ,1690430293
181,whitehorse,60.7161,-135.0538,18.9,79,75,3.09,CA,1690430293
182,lubumbashi,-11.6609,27.4794,11.34,66,20,2.29,CD,1690430293
183,wailua homesteads,22.0669,-159.378,28.44,78,40,7.2,US,1690430293
184,boguchany,58.3814,97.4531,25.87,49,66,2.51,RU,1690430293
185,puerto baquerizo moreno,-0.9,-89.6,23.93,81,93,5.89,EC,1690430294
186,anna regina,7.2644,-58.5077,25.89,88,2,2.68,GY,1690430294
187,susuman,62.7833,148.1667,9.19,83,100,2.36,RU,1690430294
188,nova sintra,14.8667,-24.7167,22.88,85,71,7.48,CV,1690430294
189,viedma,-40.8135,-62.9967,4.27,74,99,2.54,AR,1690430294
190,crane,31.3974,-102.3501,30.27,31,52,5.77,US,1690430294
191,shetpe,44.1667,52.1167,26.06,56,0,3.06,KZ,1690430294
192,camiri,-20.05,-63.5167,12.05,76,79,0.89,BO,1690430295
193,stornoway,58.2093,-6.3865,13.98,89,100,1.54,GB,1690430295
194,talnakh,69.4865,88.3972,26.23,45,52,2.51,RU,1690430158
195,dwarka,22.2394,68.9678,28.27,81,100,7.82,IN,1690430295
196,grootfontein,-19.5667,18.1167,11.76,43,0,1.54,NA,1690430295
197,tailai,46.3833,123.4,28.48,69,100,5.18,CN,1690430296
198,kununurra,-15.7667,128.7333,26.99,28,7,2.06,AU,1690430003
199,mata-utu,-13.2816,-176.1745,26.7,76,99,7.38,WF,1690430296
200,aoulef,26.9667,1.0833,37.14,16,29,3.2,DZ,1690430296
201,antalaha,-14.9003,50.2788,20.61,88,30,4.68,MG,1690430296
202,geraldton,-28.7667,114.6,17.23,59,75,5.66,AU,1690430114
203,kingston,17.997,-76.7936,29.53,80,40,7.2,JM,1690430749
204,kamareddi,18.3167,78.35,22.55,97,100,5.53,IN,1690430297
205,suonenjoki,62.6167,27.1333,17.33,88,100,1.09,FI,1690430297
206,altamont,42.2068,-121.7372,25.91,38,0,7.72,US,1690430297
207,dudinka,69.4058,86.1778,26.46,53,71,2.71,RU,1690430297
208,sechura,-5.5569,-80.8222,21.95,77,3,6.26,PE,1690430298
209,betio village,1.358,172.9211,31.02,75,36,2.85,KI,1690430298
210,al wafrah,28.6392,47.9306,36.84,11,9,4.61,KW,1690430298
211,sheridan,44.8333,-106.9173,24.27,53,0,4.12,US,1690430298
212,aasiaat,68.7098,-52.8699,2.44,95,29,3.59,GL,1690430298
213,bembereke,10.2283,2.6634,22.01,94,100,2.11,BJ,1690430299
214,bagasra,21.4833,70.95,27.72,79,100,4.76,IN,1690430299
215,ta`u,-14.2336,-169.5144,25.57,74,93,5.91,AS,1690430167
216,richmond,37.5538,-77.4603,27.38,90,20,3.09,US,1690430268
217,arteche,12.2645,125.4048,31.51,62,98,3.26,PH,1690430299
218,guadalupe y calvo,26.1,-106.9667,15.73,94,90,0.96,MX,1690430299
219,tara,56.8944,74.371,22.1,63,66,2.18,RU,1690430300
220,luderitz,-26.6481,15.1594,12.23,67,0,3.15,NA,1690430300
221,mabaruma,8.2,-59.7833,23.65,97,20,0.76,GY,1690430300
222,badger,64.8,-147.5333,29.73,49,75,0.0,US,1690430300
223,dalbandin,28.8947,64.4101,30.92,53,40,3.78,PK,1690430300
224,buncrana,55.1333,-7.45,15.34,97,100,4.28,IE,1690430301
225,san felipe,10.3399,-68.7425,23.16,93,61,1.62,VE,1690430301
226,avarua,-21.2078,-159.775,21.03,88,75,2.57,CK,1690430141
227,kidal,18.4411,1.4078,31.98,38,78,3.91,ML,1690430204
228,tenno,39.9,139.9667,30.56,79,10,4.8,JP,1690430301
229,labytnangi,66.6572,66.4183,17.68,88,100,4.27,RU,1690430301
230,aliveri,38.4167,24.0333,30.66,34,50,2.99,GR,1690430302
231,pader palwo,2.8006,33.135,18.17,97,99,1.19,UG,1690430302
232,lucerne valley,34.4439,-116.9678,29.41,53,0,2.76,US,1690430302
233,verkhnyaya sinyachikha,57.976,61.6673,20.02,64,46,2.89,RU,1690430302
234,al jawf,29.5,38.75,28.46,18,55,2.15,SA,1690430302
235,hami,42.8,93.45,37.34,8,0,1.55,CN,1690430303
236,tralee,52.2704,-9.7026,15.6,99,100,2.69,IE,1690430303
237,maksatikha,57.797,35.8825,14.57,95,30,2.28,RU,1690430303
238,daru,-9.0763,143.2092,26.01,81,55,8.48,PG,1690430303
239,flin flon,54.7682,-101.865,11.12,95,100,4.88,CA,1690430303
240,ola,59.5833,151.2833,16.75,98,100,3.42,RU,1690430303
241,alofi,-19.0595,-169.9187,23.94,100,75,2.57,NU,1690430304
242,stranraer,54.9023,-5.0273,14.78,99,100,2.71,GB,1690430304
243,yamada,39.4667,141.95,29.45,64,48,0.85,JP,1690430304
244,papatowai,-46.5619,169.4708,6.5,83,100,9.01,NZ,1690430304
245,arar,30.9753,41.0381,29.01,12,0,0.0,SA,1690430305
246,grand falls-windsor,48.9332,-55.6649,16.28,96,16,2.52,CA,1690430172
247,olyokminsk,60.3736,120.4264,30.58,38,12,4.12,RU,1690430305
248,thunder bay,48.4001,-89.3168,17.95,94,40,0.51,CA,1690430123
249,alburquerque,39.2208,-7.0023,18.51,68,0,1.63,ES,1690430305
250,grand baie,-20.0182,57.5802,21.92,74,30,3.26,MU,1690430306
251,portland,45.5234,-122.6762,24.33,49,0,4.12,US,1690430584
252,luau,-10.7073,22.2247,14.47,41,86,1.16,AO,1690430306
253,port alfred,-33.5906,26.891,15.79,86,61,8.47,ZA,1690430306
254,ilhabela,-23.7781,-45.3581,22.37,58,6,1.84,BR,1690430306
255,tofol,5.3248,163.0078,28.29,73,100,1.99,FM,1690430306
256,chiredzi,-21.05,31.6667,12.01,89,0,1.7,ZW,1690430306
257,aguada de pasajeros,22.385,-80.8508,25.47,88,60,3.37,CU,1690430307
258,ulsan,35.5372,129.3167,33.04,54,24,2.97,KR,1690430068
259,rebrikha,53.0733,82.3408,26.83,34,99,2.31,RU,1690430307
260,kavaratti,10.5669,72.642,28.23,74,100,6.05,IN,1690430307
261,hirtshals,57.5881,9.9592,14.42,86,85,6.4,DK,1690430307
262,enewetak,11.3474,162.3373,28.44,78,100,6.26,MH,1690430159
263,lazaro cardenas,17.9583,-102.2,27.65,78,79,2.03,MX,1690430308
264,haiku-pauwela,20.9219,-156.3051,27.5,77,40,12.35,US,1690430308
265,errachidia,31.9275,-4.4285,33.03,12,0,3.09,MA,1690430308
266,santa elena de uairen,4.6167,-61.1333,19.39,93,96,0.93,VE,1690430308
267,novyy turtkul',41.55,61.0167,28.95,28,80,6.48,UZ,1690430308
268,buctzotz,21.2,-88.7833,25.62,91,54,2.42,MX,1690430308
269,kachug,53.9606,105.8817,24.34,45,99,3.61,RU,1690430309
270,punta del este,-34.9667,-54.95,12.06,79,75,9.77,UY,1690430309
271,ebon,4.582,168.6964,28.25,70,71,0.91,MH,1690430309
272,coquimbo,-29.9533,-71.3436,13.81,87,100,2.92,CL,1690430857
273,howard springs,-12.497,131.047,28.95,29,100,1.22,AU,1690430166
274,valparaiso,-33.0393,-71.6273,15.0,64,0,1.03,CL,1690430098
275,barra de santo antonio,-9.4047,-35.5072,20.6,84,52,1.28,BR,1690430310
276,tapes,-30.6733,-51.3958,12.05,87,18,4.42,BR,1690430310
277,laojunmiao,39.8333,97.7333,28.38,13,0,2.71,CN,1690430310
278,esmeraldas,-19.7625,-44.3139,19.48,84,20,1.14,BR,1690430310
279,pokrovka,42.3414,78.0056,24.13,41,97,2.57,KG,1690430310
280,bamboo flat,11.7,92.7167,30.05,79,40,5.14,IN,1690430142
281,ternate,0.8,127.4,28.27,72,34,5.04,ID,1690430311
282,as sulayyil,20.4607,45.5779,29.14,11,73,3.62,SA,1690430311
283,port lincoln,-34.7333,135.8667,18.92,57,96,9.15,AU,1690430195
284,opuwo,-18.0607,13.84,14.02,44,2,0.99,NA,1690430311
285,umba,66.6871,34.3429,12.06,82,85,1.08,RU,1690430311
286,patterson,37.4716,-121.1297,30.97,36,0,1.33,US,1690430312
287,hithadhoo,-0.6,73.0833,28.37,78,35,6.83,MV,1690430219
288,auki,-8.7676,160.7034,25.71,92,100,1.7,SB,1690430312
289,sohagpur,22.7,78.2,29.94,74,100,2.56,IN,1690430312
290,kretinga,55.8758,21.2508,15.86,77,40,1.54,LT,1690430312
291,holualoa,19.6228,-155.9522,27.1,84,75,5.14,US,1690430163
292,campo mourao,-24.0456,-52.3831,17.0,73,57,2.26,BR,1690430313
293,quepos,9.4236,-84.1652,26.36,84,100,1.86,CR,1690430313
294,hinton,53.4001,-117.5857,11.36,87,100,2.39,CA,1690430313
295,kingsville,27.5159,-97.8561,29.23,76,20,7.72,US,1690430313
296,funafuti,-8.5243,179.1942,29.0,84,100,6.69,TV,1690430314
297,stanley,54.868,-1.6985,13.49,92,75,1.03,GB,1690430148
298,galliano,29.4422,-90.2992,27.22,70,0,2.54,US,1690430314
299,paranapanema,-23.3886,-48.7228,17.11,60,11,1.0,BR,1690430314
300,zaozersk,69.4005,32.4476,11.0,92,100,0.69,RU,1690430314
301,codrington,-38.2667,141.9667,15.86,64,6,7.94,AU,1690430314
302,boende,-0.2167,20.8667,23.47,80,90,1.08,CD,1690430315
303,pagar alam,-4.0167,103.2667,29.02,51,27,0.91,ID,1690430315
304,palmer,42.1584,-72.3287,23.75,75,20,5.66,US,1690430315
305,horqueta,-23.3428,-57.0597,19.29,67,73,1.76,PY,1690430315
306,three points,32.0767,-111.3137,31.57,59,95,1.93,US,1690430315
307,labuan,5.2767,115.2417,28.46,73,82,3.25,MY,1690430863
308,emerald,-23.5333,148.1667,22.41,48,80,8.12,AU,1690430095
309,vilyuchinsk,52.9306,158.4028,21.15,83,99,3.19,RU,1690430316
310,la manga del mar menor,37.6413,-0.7165,27.21,82,40,2.57,ES,1690430316
311,ponta delgada,37.7333,-25.6667,21.4,83,20,2.57,PT,1690430178
312,ulladulla,-35.35,150.4667,21.15,31,0,2.81,AU,1690430316
313,selfoss,63.9331,-20.9971,8.91,75,96,3.18,IS,1690430317
314,moires,35.0532,24.8744,33.2,33,0,1.31,GR,1690430317
315,loiza,18.4313,-65.8802,29.0,83,75,0.0,PR,1690430317
316,alvarado,18.7667,-95.7667,27.34,83,100,2.12,MX,1690430317
317,lompoc,34.6391,-120.4579,18.08,87,100,3.58,US,1690430317
318,nantucket,41.2835,-70.0995,23.89,99,0,4.63,US,1690430317
319,lorengau,-2.0226,147.2712,28.75,80,56,4.9,PG,1690430317
320,riviere-du-loup,47.8304,-69.5342,22.15,78,100,3.09,CA,1690430039
321,itoman,26.1247,127.6694,29.21,92,75,7.2,JP,1690430215
322,swift current,50.2834,-107.8014,19.45,34,0,3.09,CA,1690430036
323,ilulissat,69.2167,-51.1,1.93,82,16,2.67,GL,1690430318
324,bandon,51.7469,-8.7425,15.77,98,100,3.93,IE,1690430318
325,kimbe,-5.5502,150.1429,30.58,63,92,4.37,PG,1690430318
326,karagandy,49.8019,73.1021,21.97,42,11,5.76,KZ,1690430318
327,mitu,1.1983,-70.1733,23.77,89,95,0.65,CO,1690430319
328,slatyne,50.2242,36.1608,21.48,66,79,3.97,UA,1690430319
329,gdynia,54.5189,18.5319,13.35,89,0,0.51,PL,1690430287
330,tamanrasset,22.785,5.5228,26.95,12,0,5.14,DZ,1690430319
331,vadso,70.0744,29.7487,10.09,93,100,1.54,NO,1690430319
332,cidreira,-30.1811,-50.2056,14.11,84,40,5.82,BR,1690430320
333,pemangkat,1.1667,108.9667,31.14,57,46,5.1,ID,1690430320
334,yerofey pavlovich,53.9667,121.9667,28.02,44,100,3.63,RU,1690430320
335,dukhan,25.4297,50.7858,33.67,56,86,3.8,QA,1690430320
336,mccomb,31.2438,-90.4531,26.12,78,0,2.06,US,1690430320
337,busko-zdroj,50.4708,20.7188,11.03,92,99,3.08,PL,1690430320
338,colonia,50.9333,6.95,15.53,82,20,3.09,DE,1690430320
339,mugia,43.1041,-9.2179,17.91,81,88,1.9,ES,1690430321
340,elliot lake,46.3834,-82.6331,16.81,98,61,1.81,CA,1690430321
341,guatrache,-37.6678,-63.5302,4.4,55,100,2.03,AR,1690430321
342,erenhot,43.6475,111.9767,28.82,36,100,1.91,CN,1690430321
343,taltal,-25.4,-70.4833,14.8,87,37,1.97,CL,1690430321
344,meadow lake,34.8014,-106.5436,31.71,44,76,7.75,US,1690430321
345,saurimo,-9.6608,20.3916,15.13,44,18,2.34,AO,1690430322
346,hammerfest,70.6634,23.6821,11.25,87,100,2.06,NO,1690430322
347,songyuan,45.1171,124.8568,28.83,69,99,7.53,CN,1690430322
348,hendersonville,36.3048,-86.62,28.34,83,77,0.45,US,1690430322
349,pudasjarvi,65.3833,26.9167,14.13,83,56,0.66,FI,1690430322
350,robore,-18.3333,-59.75,19.22,65,86,2.4,BO,1690430322
351,dongola,19.1667,30.4833,32.75,39,86,4.93,SD,1690430322
352,lom sak,16.7798,101.2422,32.94,52,20,3.6,TH,1690430323
353,nuuk,64.1835,-51.7216,4.88,92,100,3.49,GL,1690430323
354,woolgoolga,-30.1106,153.2007,21.69,54,0,4.35,AU,1690430323
355,mahina,-17.5065,-149.489,24.87,88,75,0.51,PF,1690430323
356,puntarenas,9.9763,-84.8384,26.79,82,100,1.25,CR,1690430323
357,port saint john's,-31.6229,29.5448,18.67,69,70,1.38,ZA,1690430323
358,bel ombre,-4.6167,55.4167,23.91,88,75,3.09,SC,1690430323
359,guarapari,-20.6667,-40.4975,20.5,89,47,4.38,BR,1690430324
360,sept-iles,50.2001,-66.3821,20.0,83,100,3.09,CA,1690430041
361,kirakira,-10.4544,161.9205,27.61,83,100,6.34,SB,1690430324
362,tazacorte,28.629,-17.9293,21.54,83,75,5.14,ES,1690430202
363,chimoio,-19.1164,33.4833,12.92,87,0,0.79,MZ,1690430324
364,pinkafeld,47.3667,16.1167,10.98,94,2,1.97,AT,1690430324
365,ippy,6.2679,21.2247,20.2,97,98,0.91,CF,1690430324
366,mil'kovo,55.6078,37.7956,17.73,79,58,0.86,RU,1690430324
367,mili,6.0815,171.735,28.14,74,36,2.52,MH,1690430213
368,castillos,-34.1667,-53.8333,9.0,84,0,5.54,UY,1690430325
369,kapa'a,22.0752,-159.319,29.18,77,40,7.2,US,1690430325
370,nikel,69.4128,30.222,9.1,89,98,0.92,RU,1690430325
371,manalurpettai,12.0167,79.1,30.61,48,97,7.66,IN,1690430325
372,mount gambier,-37.8333,140.7667,16.27,56,46,5.05,AU,1690430325
373,yichang,30.7144,111.2847,31.69,67,99,1.96,CN,1690430325
374,sola,-13.8833,167.55,25.37,83,100,6.17,VU,1690430326
375,southeast arcadia,27.1863,-81.8521,26.57,99,97,0.89,US,1690430326
376,stung treng,13.5259,105.9683,28.9,78,100,2.57,KH,1690430326
377,mariveles,14.4833,120.4833,22.98,88,100,11.1,PH,1690430326
378,kourou,5.1552,-52.6478,25.03,89,86,2.84,GF,1690430326
379,nuku'alofa,-21.1333,-175.2,22.19,60,75,3.09,TO,1690430326
380,chernyshevskiy,63.0128,112.4714,22.99,45,50,4.42,RU,1690430326
381,duong dong,10.2167,103.9667,30.0,79,40,4.63,VN,1690430327
382,lerwick,60.1545,-1.1494,9.0,87,0,0.9,GB,1690430163
383,semirara,12.0697,121.3986,28.29,79,90,10.47,PH,1690430327
384,santa sylvina,-27.8326,-61.1375,11.04,75,90,2.13,AR,1690430327
385,dryden,49.7833,-92.7503,24.16,73,100,4.63,CA,1690430327
386,sungai raya,0.7,108.9,31.06,57,64,5.59,ID,1690430327
387,ujae,8.9322,165.7642,28.22,79,91,4.23,MH,1690430328
388,eyl,7.9803,49.8164,25.73,64,39,12.13,SO,1690430328
389,argo,37.6333,22.7333,27.66,56,0,2.37,GR,1690430328
390,hauterive,46.0901,3.4459,14.42,89,21,1.94,FR,1690430328
391,hasaki,35.7333,140.8333,39.05,71,16,5.3,JP,1690430328
392,broome,42.2506,-75.833,24.78,81,40,4.12,US,1690430150
393,taulaga,-11.0553,-171.0883,27.86,69,43,6.46,AS,1690430329
394,alaghsas,17.0187,8.0168,30.72,43,89,5.41,NE,1690430329
395,puerto carreno,6.189,-67.4859,25.67,87,100,2.13,CO,1690430329
396,libreville,0.3925,9.4537,25.01,88,20,3.6,GA,1690430329
397,kristiansund,63.1115,7.732,15.03,94,100,3.09,NO,1690430329
398,puerto armuelles,8.2833,-82.8667,27.83,70,100,1.34,PA,1690430188
399,urengoy,65.9667,78.3667,25.49,50,94,2.37,RU,1690430329
400,yeppoon,-23.1333,150.7333,21.88,66,40,8.42,AU,1690430176
401,soc trang,9.6033,105.98,31.86,59,82,8.66,VN,1690430330
402,ambon,-3.6954,128.1814,27.71,75,40,1.54,ID,1690430330
403,kyaikkami,16.08,97.5675,28.44,76,84,3.62,MM,1690430330
404,okhotsk,59.3833,143.3,18.72,78,82,2.4,RU,1690430330
405,claudio,-20.4433,-44.7658,16.9,58,53,0.91,BR,1690430330
406,olanchito,15.5,-86.5667,24.91,99,33,0.23,HN,1690430330
407,gornozavodsk,58.3758,58.3211,18.23,74,46,0.9,RU,1690430331
408,akureyri,65.6835,-18.0878,8.96,71,100,1.54,IS,1690430180
409,walvis bay,-22.9575,14.5053,11.72,93,100,5.14,NA,1690430208
410,baise city,23.8997,106.6133,33.64,61,83,0.99,CN,1690430331
411,saint-philippe,-21.3585,55.7679,18.77,79,63,5.15,RE,1690430331
412,port hedland,-20.3167,118.5667,27.03,28,75,5.14,AU,1690430331
413,port pirie,-33.1833,138.0167,19.6,45,94,9.45,AU,1690430332
414,brisas de zicatela,15.8369,-97.0419,27.17,82,100,3.13,MX,1690430155
415,katabu,-4.9333,122.5167,31.61,46,6,0.8,ID,1690430332
416,yarmouth,41.7057,-70.2286,23.89,91,0,6.17,US,1690430332
417,east london,-33.0153,27.9116,16.86,73,78,3.18,ZA,1690430332
418,mejit,10.2753,170.8646,28.13,80,100,7.31,MH,1690430332
419,sirvan,39.9379,48.9286,26.26,60,0,1.83,AZ,1690430333
420,rio gallegos,-51.6226,-69.2181,-9.97,92,0,3.6,AR,1690430286
421,jacmel,18.2342,-72.5347,25.91,83,100,4.38,HT,1690430333
422,torghay,49.6339,63.4981,25.69,50,1,2.76,KZ,1690430333
423,rosetta,31.4044,30.4164,26.2,70,0,2.08,EG,1690430333
424,yuzhno-kurilsk,44.0306,145.8556,22.53,77,98,1.2,RU,1690430333
425,afif,23.9065,42.9172,29.4,17,22,4.71,SA,1690430333
426,saipan,15.1355,145.701,28.39,100,75,5.14,MP,1690430334
427,nizhnesortymskiy,62.4397,71.7603,17.96,86,100,2.95,RU,1690430334
428,saint-francois,46.4154,3.9054,14.69,77,26,2.06,FR,1690430334
429,puerto colombia,10.9878,-74.9547,27.05,89,96,3.87,CO,1690430334
430,coari,-4.085,-63.1414,24.33,60,1,1.22,BR,1690430334
431,al khafji,28.4391,48.4913,35.78,26,6,5.39,SA,1690430334
432,lospalos,-8.5186,127.0025,22.82,75,82,4.2,TL,1690430334
433,myskhako,44.6714,37.7433,21.88,70,0,2.94,RU,1690430335
434,kocaali,41.0534,30.8528,24.36,76,1,5.08,TR,1690430335
435,pechora,65.1472,57.2244,18.64,70,95,2.25,RU,1690430335
436,comodoro rivadavia,-45.8667,-67.5,-1.08,80,0,2.57,AR,1690430075
437,mersa matruh,31.3525,27.2453,23.11,83,0,2.57,EG,1690430335
438,kaset sombun,16.2805,101.9542,33.59,50,49,2.8,TH,1690430335
439,matias barbosa,-21.8692,-43.3194,17.94,93,97,1.16,BR,1690430335
440,miles city,46.4083,-105.8406,30.54,19,0,2.57,US,1690430336
441,olavarria,-36.8927,-60.3225,2.59,86,79,3.2,AR,1690430188
442,san ignacio,17.1561,-89.0714,25.08,94,0,0.0,BZ,1690430336
443,silapathar,26.206,93.8095,29.13,89,88,1.62,IN,1690430881
444,puerto deseado,-47.7503,-65.8938,0.52,71,71,3.1,AR,1690430336
445,aral,40.5156,81.2636,34.18,21,6,1.17,CN,1690430336
446,akcakale,36.7111,38.9475,31.62,25,0,1.98,TR,1690430336
447,zahedan,29.4963,60.8629,29.95,26,17,2.06,IR,1690430337
448,ocean city,39.2776,-74.5746,25.01,87,5,3.13,US,1690430186
449,dongtai,32.8523,120.3095,31.5,67,23,5.34,CN,1690430338
450,hengchun,22.0042,120.7439,27.15,88,100,16.76,TW,1690430321
451,tacuarembo,-31.7333,-55.9833,7.52,90,54,2.6,UY,1690430339
452,myitkyina,25.3833,97.4,24.18,100,100,0.43,MM,1690430258
453,victoria point,-27.5833,153.3,23.42,54,47,2.68,AU,1690430339
454,moyale,3.5167,39.0584,18.26,67,96,4.66,KE,1690430195
455,bardai,11.65,7.2333,22.53,83,99,4.74,NG,1690430339
456,naze,28.3667,129.4833,25.51,81,100,6.64,JP,1690430339
457,oral,51.2333,51.3667,23.99,69,0,4.0,KZ,1690430339
458,al harithah,30.7186,47.7208,32.98,17,0,3.09,IQ,1690430340
459,ipilan,8.8431,117.9033,29.99,69,83,7.24,PH,1690430340
460,anori,-3.7728,-61.6442,24.39,57,1,1.39,BR,1690430340
461,strezhevoy,60.7333,77.5889,19.91,72,77,2.8,RU,1690430340
462,revda,56.801,59.9303,19.28,76,35,2.8,RU,1690430270
463,santo amaro da imperatriz,-27.6881,-48.7786,20.9,86,99,0.24,BR,1690430285
464,fray luis beltran,-39.3167,-65.7667,6.61,55,100,4.48,AR,1690430340
465,wyndham,37.6985,-77.6125,27.15,83,0,1.54,US,1690430341
466,bougouni,11.417,-7.479,22.72,94,80,1.66,ML,1690430341
467,pandan,14.0453,124.1694,30.61,68,100,7.07,PH,1690430163
468,camacupa,-12.0167,17.4833,13.48,44,1,0.92,AO,1690430341
469,al hudaydah,14.7978,42.9545,31.97,65,61,3.79,YE,1690430341
470,santarem,-2.4431,-54.7083,24.07,100,0,1.03,BR,1690430886
471,bei'an,24.5399,109.533,33.71,58,84,3.98,CN,1690430341
472,magdagachi,53.45,125.8,30.77,35,98,3.96,RU,1690430342
473,colonel hill,22.7667,-74.2167,28.96,80,48,9.36,BS,1690430342
474,tual,-5.6667,132.75,26.03,82,57,8.88,ID,1690430342
475,kulhudhuffushi,6.6221,73.07,28.22,69,99,2.07,MV,1690430342
476,katsuura,35.1333,140.3,29.01,70,48,4.38,JP,1690430342
477,kalemie,-5.9475,29.1947,20.46,61,78,3.09,CD,1690430343
478,vilhena,-12.7406,-60.1458,20.73,52,4,1.65,BR,1690430343
479,kataba,13.9833,44.3833,21.78,47,19,1.35,YE,1690430343
480,sainte-suzanne,-20.9061,55.6089,19.12,88,20,3.09,RE,1690430343
481,callao,-12.0667,-77.15,20.16,77,100,3.6,PE,1690430211
482,znamenka,52.4167,41.4311,23.42,67,56,3.99,RU,1690430343
483,shakhovskaya,56.0283,35.5097,15.95,88,91,1.24,RU,1690430344
484,lakatoro,-16.0999,167.4164,23.49,72,94,8.93,VU,1690430344
485,plouzane,48.3833,-4.6167,17.1,88,100,8.75,FR,1690430344
486,borkum,53.5809,6.6915,14.97,73,100,6.77,DE,1690430180
487,hun,29.1268,15.9477,27.08,52,0,5.42,LY,1690430344
488,tapa,59.2606,25.9586,12.01,88,87,2.36,EE,1690430344
489,santa ana,33.7456,-117.8678,32.59,60,20,4.63,US,1690430102
490,plastun,44.7561,136.2939,29.72,51,12,2.96,RU,1690430345
491,iwanai,42.9744,140.5089,27.99,69,100,4.29,JP,1690430345
492,kalmunai,7.4167,81.8167,30.74,57,100,0.98,LK,1690430345
493,pemba,-12.974,40.5178,20.39,82,20,5.36,MZ,1690430346
494,lyozna,55.0249,30.7956,15.75,84,100,1.37,BY,1690430346
495,kadugli,11.0167,29.7167,21.44,96,99,1.95,SD,1690430346
496,ixtapa,20.7,-105.2,25.4,85,100,1.46,MX,1690430346
497,mossel bay,-34.1831,22.146,9.96,81,20,2.64,ZA,1690430168
498,international falls,48.6011,-93.411,24.1,73,0,0.0,US,1690430346
499,midvagur,62.0511,-7.1939,8.46,87,100,4.63,FO,1690430347
500,cole harbour,44.6724,-63.4751,20.71,87,38,7.72,CA,1690430347
501,pytalovo,57.0679,27.9138,13.34,86,95,1.29,RU,1690430347
502,broken hill,-31.95,141.4333,20.4,31,15,8.58,AU,1690430278
503,kerikeri,-35.2268,173.9474,16.06,79,16,1.34,NZ,1690430347
504,sisimiut,66.9395,-53.6735,4.53,92,54,3.37,GL,1690430149
505,saudarkrokur,65.7461,-19.6394,7.15,90,14,1.96,IS,1690430201
506,hit,33.6416,42.8251,35.78,14,0,2.46,IQ,1690430348
507,cullowhee,35.3137,-83.1765,23.81,94,55,0.74,US,1690430348
508,jayanca,-6.3908,-79.8219,21.78,78,4,3.21,PE,1690430348
509,president roxas,7.1544,125.0558,30.64,63,79,1.87,PH,1690430348
510,almeirim,-1.5233,-52.5817,25.07,75,40,1.55,BR,1690430349
511,talsi,57.2456,22.5814,12.07,86,100,2.13,LV,1690430349
512,guajara mirim,-10.7828,-65.3394,24.08,53,33,1.38,BR,1690430349
513,watford city,47.8022,-103.2832,24.53,49,40,0.0,US,1690430349
514,buka,40.8108,69.1986,36.4,12,2,4.92,UZ,1690430214
515,enshi,30.3,109.4833,30.9,67,95,0.64,CN,1690430349
516,ebaye,8.7748,167.7392,30.01,74,40,3.6,MH,1690430350
517,essaouira,31.5125,-9.77,20.72,87,0,4.12,MA,1690430350
518,prado,-17.3411,-39.2208,21.09,75,65,1.62,BR,1690430350
519,sierra grande,-41.606,-65.3557,3.1,44,99,0.94,AR,1690430350
520,emmett,43.8735,-116.4993,31.65,29,0,0.45,US,1690430350
521,vila velha,-20.3297,-40.2925,20.53,92,0,1.03,BR,1690430351
522,panaba,21.2833,-88.2667,26.01,87,33,3.71,MX,1690430137
523,uliastay,47.7417,96.8444,24.92,19,88,2.13,MN,1690430351
524,nola,40.922,14.5329,23.13,90,2,1.52,IT,1690430351
525,bishkul,54.7803,69.1033,22.19,73,0,2.0,KZ,1690430351
526,hobyo,5.3505,48.5268,24.99,79,74,9.98,SO,1690430351
527,bodo,67.28,14.405,15.43,89,0,1.54,NO,1690430352
528,port macquarie,-31.4333,152.9167,20.5,54,0,4.52,AU,1690430206
529,aginskoye,51.1,114.53,17.72,79,100,5.28,RU,1690430352
530,kasongo-lunda,-6.4667,16.8167,19.61,74,3,1.06,CD,1690430352
531,kenai,60.5544,-151.2583,14.05,93,100,4.63,US,1690430353
532,inhambane,-23.865,35.3833,15.99,93,40,0.0,MZ,1690430353
533,viljandi,58.3639,25.59,12.32,89,99,1.46,EE,1690430353
534,tanjung pandan,-2.75,107.65,31.25,58,17,4.8,ID,1690430353
535,bay harbor,30.1471,-85.6146,28.3,82,0,1.54,US,1690430353
536,leava,-14.3,-178.1667,26.25,73,85,6.08,WF,1690430208
537,namsos,64.4662,11.4957,14.03,88,100,3.6,NO,1690430223
538,al bardiyah,31.7561,25.0865,26.74,81,0,5.08,LY,1690430354
539,santa luzia,-19.7697,-43.8514,19.5,77,75,4.63,BR,1690430354
540,kailua-kona,19.6406,-155.9956,29.17,84,75,5.14,US,1690430355
541,lensk,60.7253,114.9278,29.55,43,45,2.64,RU,1690430355
542,st. john's,47.5649,-52.7093,19.53,80,100,8.75,CA,1690430355
543,cabedelo,-6.9811,-34.8339,23.37,87,56,4.47,BR,1690430355
544,yelizovo,53.1873,158.3805,21.08,68,40,7.15,RU,1690430355
545,talitsa,56.8804,60.0213,20.3,75,37,2.86,RU,1690430355
546,mhamid,29.82,-5.72,32.93,6,0,1.34,MA,1690430355
547,quesnel,52.9999,-122.5029,19.28,55,0,1.03,CA,1690430064
548,tema,5.667,-0.0166,26.23,89,100,4.63,GH,1690430356
549,smithers,54.7804,-127.1743,19.18,48,40,4.63,CA,1690430356
550,fengtai,39.5581,117.7492,34.57,48,35,4.04,CN,1690430356
551,aschersleben,51.75,11.4667,13.03,80,58,3.93,DE,1690430356
552,saffron walden,52.0234,0.2423,16.51,93,100,6.17,GB,1690430356
553,morez,46.5254,6.0259,12.27,81,34,0.98,FR,1690430356
554,arkhangel'sk,64.5401,40.5433,16.3,78,100,1.57,RU,1690430357
555,bukama,-9.2,25.85,18.79,43,90,0.96,CD,1690430357
556,refahiye,39.9008,38.7667,21.55,44,0,0.52,TR,1690430357
557,tiquipaya,-17.3382,-66.2189,14.4,43,8,3.09,BO,1690430357
558,ukhta,63.5671,53.6835,17.37,64,97,1.32,RU,1690430357
559,karratha,-20.7377,116.8463,23.53,44,86,5.98,AU,1690430358
560,letlhakane,-21.4167,25.5833,11.07,75,0,3.79,BW,1690430358
561,hirara,24.8,125.2833,31.92,79,75,12.35,JP,1690430358
562,dazhou,31.2159,107.5009,28.19,83,99,1.8,CN,1690430358
563,zakynthos,37.7914,20.8953,24.8,77,0,5.45,GR,1690430358
564,rahimah,26.7079,50.0619,29.12,53,56,0.97,SA,1690430358
565,sarina,-21.4333,149.2167,23.48,64,80,4.51,AU,1690430359
566,domusnovas,39.3219,8.6486,19.7,75,0,1.4,IT,1690430359
567,hoemul-li,41.4339,129.67,27.79,62,45,2.18,KP,1690430359
568,worland,44.0169,-107.9554,26.25,29,0,3.6,US,1690430359
569,longido,-2.7333,36.6833,13.72,88,25,3.23,TZ,1690430359
570,mogocha,53.7333,119.7667,26.75,48,100,3.53,RU,1690430360
571,constitucion,-35.3333,-72.4167,9.02,80,47,2.93,CL,1690430360
572,igarka,67.4667,86.5833,25.06,57,1,4.18,RU,1690430360
573,clodomira,-27.5744,-64.1311,11.71,59,35,3.09,AR,1690430360
574,darab,28.7519,54.5444,31.28,43,10,0.87,IR,1690430361
575,polyarnyy,69.1989,33.4478,10.6,94,100,0.35,RU,1690430361
576,quellon,-43.1167,-73.6167,7.14,100,100,1.54,CL,1690430362
577,kill devil hills,36.0307,-75.676,28.32,83,0,4.63,US,1690430362
578,la ronge,55.1001,-105.2842,12.14,82,100,6.69,CA,1690430196
579,mulki,13.1,74.8,24.6,94,100,2.57,IN,1690430362
580,nikolayevsk-on-amure,53.1406,140.73,27.97,45,99,3.45,RU,1690430362
581,page,36.9147,-111.4558,33.88,18,0,2.57,US,1690430362
582,mount darwin,-16.7725,31.5838,14.02,84,95,2.8,ZW,1690430363
583,rio grande,-32.035,-52.0986,11.08,89,1,5.91,BR,1690430363
584,mahenge,-8.6833,36.7167,12.89,81,27,0.23,TZ,1690430363
585,assab,13.0092,42.7394,33.42,52,50,2.13,ER,1690430363
586,senanga,-16.1167,23.2667,10.72,69,0,1.97,ZM,1690430363
587,hpa-an,16.8906,97.6333,29.81,73,32,2.71,MM,1690430363
